날짜,breakfast,breakfast_embedding,lunch,lunch_embedding,dinner,dinner_embedding,breakfast_count,lunch_count,dinner_count,breakfast_kobert,lunch_kobert,dinner_kobert,breakfast_cuisine,lunch_cuisine,dinner_cuisine
2024-05-02(목),감자양파국,"24.0, 1.3, 4.0",타코야끼,"4.28, 0.63, 1.3",쇠고기무국,"12.07, 8.62, 16.43",1,1,4,[-6.48498107e+00  7.02457404e-02 -5.37756319e-03],[-4.61607336e+00  1.30045799e-02  3.47687416e-03],[-4.34124204  0.16183753  0.09420934],"[0, 0, 0, 0, 1]","[0, 0, 0, 0, 1]","[1, 0, 0, 0, 0]"
2024-05-03(금),얼큰어묵국,"24.93593220338984, 7.160254237288135, 12.213983050847451",버섯매운탕,"78.0, 8.0, 38.0",김치찌개,"6.38, 8.09, 8.17",3,4,6,[5.97319735 0.46402434 0.04307873],[-4.61607336e+00  1.30045799e-02  3.47687416e-03],[-4.34124204  0.16183753  0.09420934],"[0, 0, 0, 0, 1]","[0, 0, 0, 0, 1]","[0, 0, 0, 0, 1]"
2024-05-05(일),쇠고기버섯죽,"30.0, 7.0, 10.0",쇠고기감자국,"7.0, 2.4, 13.0",배추된장국,"8.64, 2.01, 3.8",1,1,6,[-6.48498107e+00  7.02457404e-02 -5.37756319e-03],[-4.61607336e+00  1.30045799e-02  3.47687416e-03],[-4.34124204  0.16183753  0.09420934],"[0, 0, 0, 0, 1]","[0, 0, 0, 0, 1]","[0, 0, 0, 0, 1]"
2024-05-06(월),돼지국밥,"24.93593220338984, 7.160254237288135, 12.213983050847451",순두부찌개,"5.62, 17.99, 18.25",감자짜글이,"32.0, 1.8, 5.0",3,9,3,[-6.48498107e+00  7.02457404e-02 -5.37756319e-03],[-4.61607336e+00  1.30045799e-02  3.47687416e-03],[-4.34124204  0.16183753  0.09420934],"[0, 0, 0, 0, 1]","[0, 0, 0, 0, 1]","[0, 0, 0, 0, 1]"
2024-05-07(화),감자옹심이국,"48.72, 5.3, 5.23",냉모밀,"51.38, 4.72, 7.98",돼지고기고추장찌개,"17.55, 4.2, 13.0",3,4,4,[ 6.2520379   0.41520615 -0.75997991],[ 6.33120402 -2.07659537 -1.7642765 ],[-4.34124204  0.16183753  0.09420934],"[0, 0, 0, 0, 1]","[0, 0, 0, 0, 1]","[0, 0, 0, 0, 1]"
2024-05-09(목),황태해장국,"12.07, 4.14, 18.33",쇠고기미역국,"16.08, 6.78, 15.06",샤브샤브국,"31.72, 16.39, 29.63",8,5,4,[6.20575541 3.69320552 0.73551667],[-4.61607336e+00  1.30045799e-02  3.47687416e-03],[-4.34124204  0.16183753  0.09420934],"[1, 0, 0, 0, 0]","[0, 0, 0, 0, 1]","[0, 0, 0, 0, 1]"
2024-05-10(금),사골우거지국,"6.0, 7.0, 14.0",순댓국,"33.78, 10.35, 23.25",게맛살계란국,"15.023739837398379, 5.4363414634146325, 11.50991869918699",8,2,2,[ 6.18685494  0.22395503 -1.28417106],[-4.61607336e+00  1.30045799e-02  3.47687416e-03],[-4.34124204  0.16183753  0.09420934],"[1, 0, 0, 0, 0]","[0, 0, 0, 0, 1]","[0, 0, 0, 0, 1]"
2024-05-11(토),베이컨치즈버거,"10.19, 10.83, 25.2",파송송계란국,"22.574308943089424, 6.565284552845527, 12.231463414634142",홍합탕,"11.91, 7.58, 22.81",2,3,7,[ 6.05800598 -2.83506693 -1.52790095],[-4.61607336e+00  1.30045799e-02  3.47687416e-03],[ 7.31319486 -1.34848038  0.99287933],"[0, 0, 0, 0, 1]","[0, 0, 0, 0, 1]","[0, 0, 0, 0, 1]"
2024-05-12(일),차돌된장찌개,"14.67, 10.78, 19.1",쇠고기무국,"12.07, 8.62, 16.43",팽이버섯두부국,"15.023739837398379, 5.4363414634146325, 11.50991869918699",1,4,2,[-6.48498107e+00  7.02457404e-02 -5.37756319e-03],[-4.61607336e+00  1.30045799e-02  3.47687416e-03],[-4.34124204  0.16183753  0.09420934],"[0, 0, 0, 0, 1]","[1, 0, 0, 0, 0]","[0, 0, 0, 0, 1]"
2024-05-13(월),황태해장국,"12.07, 4.14, 18.33",삼색수제비국,"22.574308943089424, 6.565284552845527, 12.231463414634142",오징어무국,"3.8, 0.96, 10.35",8,1,3,[6.20575541 3.69320552 0.73551667],[7.84140657 0.57559504 0.73071305],[ 8.33330008  0.80984152 -0.04986256],"[1, 0, 0, 0, 0]","[0, 0, 0, 0, 1]","[0, 0, 0, 0, 1]"
2024-05-15(수),해시브라운버거,"24.93593220338984, 7.160254237288135, 12.213983050847451",청국장찌개,"11.05, 4.19, 10.03",짬뽕찌개,"15.023739837398379, 5.4363414634146325, 11.50991869918699",2,5,4,[ 6.38831574 -1.9530076  -0.62779386],[-4.61607336e+00  1.30045799e-02  3.47687416e-03],[-4.34124204  0.16183753  0.09420934],"[0, 0, 0, 0, 1]","[0, 0, 0, 0, 1]","[0, 0, 0, 0, 1]"
2024-05-16(목),새우순두부계란탕,"24.93593220338984, 7.160254237288135, 12.213983050847451",선지해장국,"12.01, 21.71, 49.19",키조개미역국,"15.023739837398379, 5.4363414634146325, 11.50991869918699",4,1,2,[-6.48498107e+00  7.02457404e-02 -5.37756319e-03],[7.68517278 1.48822405 1.30896241],[8.3405635  0.15888284 0.43391555],"[0, 0, 0, 0, 1]","[0, 0, 0, 0, 1]","[0, 0, 0, 0, 1]"
2024-05-17(금),양지수육곰탕,"2.0, 1.1, 17.0",꽃게탕,"3.95, 1.58, 12.87",콩나물김치국,"1.79, 1.82, 1.92",3,1,1,[-6.48498107e+00  7.02457404e-02 -5.37756319e-03],[-4.61607336e+00  1.30045799e-02  3.47687416e-03],[ 8.09161545  0.01521046 -0.58219559],"[0, 0, 0, 0, 1]","[0, 0, 0, 0, 1]","[0, 0, 0, 0, 1]"
2024-05-18(토),모닝빵&크로와상,"17.42, 1.43, 3.28",우동국물,"12.38, 2.74, 1.62",닭곰탕,"1.87, 4.75, 18.72",4,7,2,[ 5.33182571 -0.41804934  2.5958071 ],[ 7.52609817  2.00668299 -1.25497736],[-4.34124204  0.16183753  0.09420934],"[0, 0, 0, 0, 1]","[0, 0, 0, 0, 1]","[0, 0, 0, 0, 1]"
2024-05-20(월),사골설렁탕,"24.93593220338984, 7.160254237288135, 12.213983050847451",우럭매운탕,"4.12, 5.1, 21.53",참치김치찌개,"6.11, 4.71, 9.71",2,1,4,[ 6.06385041 -0.05047146  1.54023469],[ 8.26098781 -0.6978251  -0.2647211 ],[-4.34124204  0.16183753  0.09420934],"[0, 0, 0, 0, 1]","[0, 0, 0, 0, 1]","[0, 0, 0, 0, 1]"
2024-05-21(화),조갯살미역국,"24.93593220338984, 7.160254237288135, 12.213983050847451",사골우거지국,"6.0, 7.0, 14.0",황태해장국,"12.07, 4.14, 18.33",3,2,2,[-6.48498107e+00  7.02457404e-02 -5.37756319e-03],[7.94651183 0.91496259 0.48868572],[ 8.48873152  0.66065065 -0.05749351],"[0, 0, 0, 0, 1]","[1, 0, 0, 0, 0]","[1, 0, 0, 0, 0]"
2024-05-22(수),또띠아치킨랩,"24.93593220338984, 7.160254237288135, 12.213983050847451",순두부찌개,"5.62, 17.99, 18.25",샤브샤브국,"31.72, 16.39, 29.63",6,9,4,[-6.48498107e+00  7.02457404e-02 -5.37756319e-03],[-4.61607336e+00  1.30045799e-02  3.47687416e-03],[-4.34124204  0.16183753  0.09420934],"[0, 0, 0, 0, 1]","[0, 0, 0, 0, 1]","[0, 0, 0, 0, 1]"
2024-05-23(목),유부주머니탕,"96.0, 12.0, 14.0",아라비아따스파게티,"22.574308943089424, 6.565284552845527, 12.231463414634142",호박고추장찌개,"13.53, 2.9, 6.9",4,2,5,[ 6.17675389 -1.18221504 -0.01915788],[-4.61607336e+00  1.30045799e-02  3.47687416e-03],[-4.34124204  0.16183753  0.09420934],"[0, 0, 0, 0, 1]","[0, 0, 0, 0, 1]","[0, 0, 0, 0, 1]"
2024-05-24(금),오므라이스,"46.8, 14.75, 14.77",갈비탕,"11.63, 31.26, 33.29",우동국물,"12.38, 2.74, 1.62",5,1,8,[ 5.48806209 -3.40667202  0.59206925],[ 6.4376697  -1.33390518  1.41576379],[ 7.90601894  1.55593591 -2.25718006],"[0, 0, 0, 0, 1]","[0, 0, 0, 0, 1]","[0, 0, 0, 0, 1]"
2024-05-25(토),버팔로봉,"8.0, 9.0, 15.0",감자양파국,"24.0, 1.3, 4.0",도토리묵냉국,"34.0, 0.5, 1.0",4,2,3,[ 5.46875737 -1.6251807   2.25184959],[-4.61607336e+00  1.30045799e-02  3.47687416e-03],[ 8.45220351  0.69664449 -0.30328782],"[0, 0, 0, 0, 1]","[0, 0, 0, 0, 1]","[0, 0, 0, 0, 1]"
2024-05-26(일),쇠고기당면국,"7.0, 2.4, 13.0",버섯매운탕,"78.0, 8.0, 38.0",물만둣국,"29.95, 21.79, 24.12",5,4,1,[-6.48498107e+00  7.02457404e-02 -5.37756319e-03],[-4.61607336e+00  1.30045799e-02  3.47687416e-03],[-4.34124204  0.16183753  0.09420934],"[0, 0, 0, 0, 1]","[0, 0, 0, 0, 1]","[0, 0, 0, 0, 1]"
2024-05-27(월),쇠고기미역국,"16.08, 6.78, 15.06",닭다리튀김,"22.574308943089424, 6.565284552845527, 12.231463414634142",홍합탕,"11.91, 7.58, 22.81",5,1,7,[-6.48498107e+00  7.02457404e-02 -5.37756319e-03],[-4.61607336e+00  1.30045799e-02  3.47687416e-03],[ 7.31319486 -1.34848038  0.99287933],"[0, 0, 0, 0, 1]","[0, 0, 0, 0, 1]","[0, 0, 0, 0, 1]"
2024-05-28(화),삼색수제비국,"24.93593220338984, 7.160254237288135, 12.213983050847451",메밀비빔국수,"94.18, 4.67, 18.36",닭개장,"7.33, 14.54, 31.38",6,2,2,[ 6.02121767  1.22409834 -1.1667815 ],[ 7.46979991 -0.05340978 -1.39280911],[-4.34124204  0.16183753  0.09420934],"[0, 0, 0, 0, 1]","[0, 0, 0, 0, 1]","[0, 0, 0, 0, 1]"
2024-05-29(수),핫치킨버거,"43.8, 9.4, 17.2",우렁된장찌개,"12.0, 1.8, 7.0",나가사끼짬뽕찌개,"74.0, 9.0, 9.0",4,5,2,[-6.48498107e+00  7.02457404e-02 -5.37756319e-03],[-4.61607336e+00  1.30045799e-02  3.47687416e-03],[-4.34124204  0.16183753  0.09420934],"[0, 0, 0, 0, 1]","[0, 0, 0, 0, 1]","[0, 0, 0, 0, 1]"
2024-05-30(목),감자옹심이국,"48.72, 5.3, 5.23",쇠고기무국,"12.07, 8.62, 16.43",순댓국,"33.78, 10.35, 23.25",3,4,4,[ 6.2520379   0.41520615 -0.75997991],[-4.61607336e+00  1.30045799e-02  3.47687416e-03],[-4.34124204  0.16183753  0.09420934],"[0, 0, 0, 0, 1]","[1, 0, 0, 0, 0]","[0, 0, 0, 0, 1]"
2024-06-01(토),카츠샌드위치,"45.0, 11.0, 7.0",팽이버섯두부국,"22.574308943089424, 6.565284552845527, 12.231463414634142",감자양파국,"24.0, 1.3, 4.0",3,3,2,[-6.48498107e+00  7.02457404e-02 -5.37756319e-03],[-4.61607336e+00  1.30045799e-02  3.47687416e-03],[-4.34124204  0.16183753  0.09420934],"[0, 0, 0, 0, 1]","[0, 0, 0, 0, 1]","[0, 0, 0, 0, 1]"
2024-06-02(일),전복죽,"25.0, 6.0, 3.0",김치찌개,"6.38, 8.09, 8.17",쇠고기미역국,"16.08, 6.78, 15.06",3,2,6,[4.86378269 2.09585079 0.48752499],[-4.61607336e+00  1.30045799e-02  3.47687416e-03],[-4.34124204  0.16183753  0.09420934],"[0, 0, 0, 0, 1]","[0, 0, 0, 0, 1]","[0, 0, 0, 0, 1]"
2024-06-03(월),감자짜글이,"32.0, 1.8, 5.0",얼큰어묵국,"22.574308943089424, 6.565284552845527, 12.231463414634142",돼지국밥,"15.023739837398379, 5.4363414634146325, 11.50991869918699",3,2,5,[-6.48498107e+00  7.02457404e-02 -5.37756319e-03],[ 7.84267714  1.30957276 -0.85688844],[-4.34124204  0.16183753  0.09420934],"[0, 0, 0, 0, 1]","[0, 0, 0, 0, 1]","[0, 0, 0, 0, 1]"
2024-06-04(화),물만둣국,"29.95, 21.79, 24.12",냉모밀,"51.38, 4.72, 7.98",우동국물,"12.38, 2.74, 1.62",4,4,8,[-6.48498107e+00  7.02457404e-02 -5.37756319e-03],[ 6.33120402 -2.07659537 -1.7642765 ],[ 7.90601894  1.55593591 -2.25718006],"[0, 0, 0, 0, 1]","[0, 0, 0, 0, 1]","[0, 0, 0, 0, 1]"
2024-06-05(수),모닝빵&와플,"17.42, 1.43, 3.28",도토리묵냉국,"34.0, 0.5, 1.0",순두부찌개,"5.62, 17.99, 18.25",1,2,2,[ 3.42941336 -1.77529092  2.27399577],[ 8.14543281  0.60897046 -0.58937757],[-4.34124204  0.16183753  0.09420934],"[0, 0, 0, 0, 1]","[0, 0, 0, 0, 1]","[0, 0, 0, 0, 1]"
2024-06-06(목),돼지고기고추장찌개,"17.55, 4.2, 13.0",배추된장국,"8.64, 2.01, 3.8",우렁된장찌개,"12.0, 1.8, 7.0",3,7,2,[-6.48498107e+00  7.02457404e-02 -5.37756319e-03],[-4.61607336e+00  1.30045799e-02  3.47687416e-03],[-4.34124204  0.16183753  0.09420934],"[0, 0, 0, 0, 1]","[0, 0, 0, 0, 1]","[0, 0, 0, 0, 1]"
2024-06-07(금),사골우거지국,"6.0, 7.0, 14.0",감자탕,"10.01, 5.58, 14.74",사골설렁탕,"15.023739837398379, 5.4363414634146325, 11.50991869918699",8,5,5,[ 6.18685494  0.22395503 -1.28417106],[ 6.80847013 -1.02909726  3.04030172],[ 8.23946164 -1.15715476  1.61470222],"[1, 0, 0, 0, 0]","[0, 0, 0, 0, 1]","[0, 0, 0, 0, 1]"
2024-06-08(토),핫치킨버거,"43.8, 9.4, 17.2",콩나물김치국,"1.79, 1.82, 1.92",쇠고기감자국,"7.0, 2.4, 13.0",4,1,4,[-6.48498107e+00  7.02457404e-02 -5.37756319e-03],[ 7.86637825  0.28142478 -0.84497271],[-4.34124204  0.16183753  0.09420934],"[0, 0, 0, 0, 1]","[0, 0, 0, 0, 1]","[0, 0, 0, 0, 1]"
2024-06-09(일),백색우유,"24.93593220338984, 7.160254237288135, 12.213983050847451",깍두기,"3.21, 0.29, 0.62",,"15.023739837398379, 5.4363414634146325, 11.50991869918699",1,1,3,[5.72319225 0.59981364 0.41819783],[-4.61607336e+00  1.30045799e-02  3.47687416e-03],[-3.42317567 -5.4271391  -3.49715841],"[0, 0, 0, 0, 1]","[0, 0, 0, 0, 1]","[0, 0, 0, 0, 1]"
2024-06-11(화),유부주머니탕,"96.0, 12.0, 14.0",망향식물비빔국수,"22.574308943089424, 6.565284552845527, 12.231463414634142",쇠고기무국,"12.07, 8.62, 16.43",4,2,4,[ 6.17675389 -1.18221504 -0.01915788],[-4.61607336e+00  1.30045799e-02  3.47687416e-03],[-4.34124204  0.16183753  0.09420934],"[0, 0, 0, 0, 1]","[0, 0, 0, 0, 1]","[1, 0, 0, 0, 0]"
2024-06-12(수),햄치즈샌드위치,"42.0, 11.0, 17.0",얼큰쇠고기무국,"9.6, 3.4, 10.0",콩나물국,"5.87, 1.54, 2.17",3,1,6,[-6.48498107e+00  7.02457404e-02 -5.37756319e-03],[-4.61607336e+00  1.30045799e-02  3.47687416e-03],[ 7.96773132  0.7547501  -1.08672461],"[0, 0, 0, 0, 1]","[0, 0, 0, 0, 1]","[0, 0, 0, 0, 1]"
2024-06-13(목),조갯살미역국,"24.93593220338984, 7.160254237288135, 12.213983050847451",홍합탕,"11.91, 7.58, 22.81",호박고추장찌개,"13.53, 2.9, 6.9",3,1,5,[-6.48498107e+00  7.02457404e-02 -5.37756319e-03],[ 6.9205787  -0.42488885  1.90901852],[-4.34124204  0.16183753  0.09420934],"[0, 0, 0, 0, 1]","[0, 0, 0, 0, 1]","[0, 0, 0, 0, 1]"
2024-06-14(금),감자옹심이국,"48.72, 5.3, 5.23",사골우거지국,"6.0, 7.0, 14.0",김치찌개,"6.38, 8.09, 8.17",3,2,6,[ 6.2520379   0.41520615 -0.75997991],[7.94651183 0.91496259 0.48868572],[-4.34124204  0.16183753  0.09420934],"[0, 0, 0, 0, 1]","[1, 0, 0, 0, 0]","[0, 0, 0, 0, 1]"
2024-06-16(일),양지수육곰탕,"2.0, 1.1, 17.0",순두부찌개,"5.62, 17.99, 18.25",얼큰어묵국,"15.023739837398379, 5.4363414634146325, 11.50991869918699",3,9,3,[-6.48498107e+00  7.02457404e-02 -5.37756319e-03],[-4.61607336e+00  1.30045799e-02  3.47687416e-03],[ 8.16772652  0.78101587 -0.47591968],"[0, 0, 0, 0, 1]","[0, 0, 0, 0, 1]","[0, 0, 0, 0, 1]"
2024-06-17(월),황태해장국,"12.07, 4.14, 18.33",오징어무국,"3.8, 0.96, 10.35",쇠고기미역국,"16.08, 6.78, 15.06",8,3,6,[6.20575541 3.69320552 0.73551667],[ 8.04097309  1.51366469 -0.18811313],[-4.34124204  0.16183753  0.09420934],"[1, 0, 0, 0, 0]","[0, 0, 0, 0, 1]","[0, 0, 0, 0, 1]"
2024-06-18(화),쇠고기육개장,"6.0, 6.0, 8.0",버섯매운탕,"78.0, 8.0, 38.0",콩나물국,"5.87, 1.54, 2.17",2,4,6,[-6.48498107e+00  7.02457404e-02 -5.37756319e-03],[-4.61607336e+00  1.30045799e-02  3.47687416e-03],[ 7.96773132  0.7547501  -1.08672461],"[0, 0, 0, 0, 1]","[0, 0, 0, 0, 1]","[0, 0, 0, 0, 1]"
2024-06-20(목),참치김치찌개,"6.11, 4.71, 9.71",초계국수,"64.1, 7.55, 19.25",짬뽕찌개,"15.023739837398379, 5.4363414634146325, 11.50991869918699",1,1,4,[-6.48498107e+00  7.02457404e-02 -5.37756319e-03],[-4.61607336e+00  1.30045799e-02  3.47687416e-03],[-4.34124204  0.16183753  0.09420934],"[0, 0, 0, 0, 1]","[0, 0, 0, 0, 1]","[0, 0, 0, 0, 1]"
2024-06-21(금),김치수제비국,"112.0, 2.4, 14.0",키조개미역국,"22.574308943089424, 6.565284552845527, 12.231463414634142",돼지고기고추장찌개,"17.55, 4.2, 13.0",3,1,4,[ 5.52345674 -0.23900298 -2.40815386],[ 8.12414373  0.59009246 -0.20918   ],[-4.34124204  0.16183753  0.09420934],"[0, 0, 0, 0, 1]","[0, 0, 0, 0, 1]","[0, 0, 0, 0, 1]"
2024-06-22(토),베이컨치즈버거,"10.19, 10.83, 25.2",김치국,"1.39, 1.63, 1.62",감자양파국,"24.0, 1.3, 4.0",2,5,2,[ 6.05800598 -2.83506693 -1.52790095],[6.41552533 1.57386271 0.57619815],[-4.34124204  0.16183753  0.09420934],"[0, 0, 0, 0, 1]","[0, 0, 0, 0, 1]","[0, 0, 0, 0, 1]"
2024-06-23(일),물만둣국,"29.95, 21.79, 24.12",쑥갓어묵국,"22.574308943089424, 6.565284552845527, 12.231463414634142",닭볶음탕,"9.4, 9.5, 25.72",4,5,4,[-6.48498107e+00  7.02457404e-02 -5.37756319e-03],[-4.61607336e+00  1.30045799e-02  3.47687416e-03],[-4.34124204  0.16183753  0.09420934],"[0, 0, 0, 0, 1]","[0, 0, 0, 0, 1]","[1, 0, 0, 0, 0]"
2024-06-24(월),꼬리곰탕,"7.0, 13.0, 32.0",순두부찌개,"5.62, 17.99, 18.25",우동국물,"12.38, 2.74, 1.62",1,9,8,[-6.48498107e+00  7.02457404e-02 -5.37756319e-03],[-4.61607336e+00  1.30045799e-02  3.47687416e-03],[ 7.90601894  1.55593591 -2.25718006],"[0, 0, 0, 0, 1]","[0, 0, 0, 0, 1]","[0, 0, 0, 0, 1]"
2024-06-25(화),조갯살미역국,"24.93593220338984, 7.160254237288135, 12.213983050847451",청국장찌개,"11.05, 4.19, 10.03",사골설렁탕,"15.023739837398379, 5.4363414634146325, 11.50991869918699",3,5,5,[-6.48498107e+00  7.02457404e-02 -5.37756319e-03],[-4.61607336e+00  1.30045799e-02  3.47687416e-03],[ 8.23946164 -1.15715476  1.61470222],"[0, 0, 0, 0, 1]","[0, 0, 0, 0, 1]","[0, 0, 0, 0, 1]"
2024-06-26(수),황도샐러드,"24.93593220338984, 7.160254237288135, 12.213983050847451",나가사끼짬뽕찌개,"74.0, 9.0, 9.0",팽이버섯두부국,"15.023739837398379, 5.4363414634146325, 11.50991869918699",1,2,2,[ 5.6049381  -0.78542866  1.34764105],[-4.61607336e+00  1.30045799e-02  3.47687416e-03],[-4.34124204  0.16183753  0.09420934],"[0, 0, 0, 0, 1]","[0, 0, 0, 0, 1]","[0, 0, 0, 0, 1]"
2024-06-27(목),쇠고기당면국,"7.0, 2.4, 13.0",물냉면,"64.58, 5.74, 16.5",얼큰쇠고기무국,"9.6, 3.4, 10.0",5,2,4,[-6.48498107e+00  7.02457404e-02 -5.37756319e-03],[ 7.3041182  -1.29119042 -1.67577029],[-4.34124204  0.16183753  0.09420934],"[0, 0, 0, 0, 1]","[0, 0, 0, 0, 1]","[0, 0, 0, 0, 1]"
2024-06-28(금),오므라이스,"46.8, 14.75, 14.77",순댓국,"33.78, 10.35, 23.25",파송송계란국,"15.023739837398379, 5.4363414634146325, 11.50991869918699",5,2,4,[ 5.48806209 -3.40667202  0.59206925],[-4.61607336e+00  1.30045799e-02  3.47687416e-03],[-4.34124204  0.16183753  0.09420934],"[0, 0, 0, 0, 1]","[0, 0, 0, 0, 1]","[0, 0, 0, 0, 1]"
2024-06-29(토),버팔로봉,"8.0, 9.0, 15.0",배추된장국,"8.64, 2.01, 3.8",만두육개장,"15.023739837398379, 5.4363414634146325, 11.50991869918699",4,7,1,[ 5.46875737 -1.6251807   2.25184959],[-4.61607336e+00  1.30045799e-02  3.47687416e-03],[8.28571898 0.13179073 0.22455788],"[0, 0, 0, 0, 1]","[0, 0, 0, 0, 1]","[0, 0, 0, 0, 1]"
2024-07-01(월),쇠고기미역국,"16.08, 6.78, 15.06",김치찌개,"6.38, 8.09, 8.17",감자탕,"10.01, 5.58, 14.74",5,2,1,[-6.48498107e+00  7.02457404e-02 -5.37756319e-03],[-4.61607336e+00  1.30045799e-02  3.47687416e-03],[ 7.03212934 -1.21448762  1.39361177],"[0, 0, 0, 0, 1]","[0, 0, 0, 0, 1]","[0, 0, 0, 0, 1]"
2024-07-03(수),불고기핫도그,"29.0, 23.0, 14.0",짬뽕찌개,"22.574308943089424, 6.565284552845527, 12.231463414634142",유부된장국,"8.17, 2.48, 5.99",2,5,10,[-6.48498107e+00  7.02457404e-02 -5.37756319e-03],[-4.61607336e+00  1.30045799e-02  3.47687416e-03],[-4.34124204  0.16183753  0.09420934],"[0, 0, 0, 0, 1]","[0, 0, 0, 0, 1]","[0, 0, 0, 0, 1]"
2024-07-04(목),쇠고기당면국,"7.0, 2.4, 13.0",골뱅이쫄면,"27.0, 0.0, 6.0",사골우거지국,"6.0, 7.0, 14.0",5,1,1,[-6.48498107e+00  7.02457404e-02 -5.37756319e-03],[-4.61607336e+00  1.30045799e-02  3.47687416e-03],[ 8.19871362 -0.15357867  0.51920833],"[0, 0, 0, 0, 1]","[0, 0, 0, 0, 1]","[1, 0, 0, 0, 0]"
2024-07-05(금),얼큰어묵국,"24.93593220338984, 7.160254237288135, 12.213983050847451",돼지국밥,"22.574308943089424, 6.565284552845527, 12.231463414634142",쇠고기감자국,"7.0, 2.4, 13.0",3,3,4,[5.97319735 0.46402434 0.04307873],[-4.61607336e+00  1.30045799e-02  3.47687416e-03],[-4.34124204  0.16183753  0.09420934],"[0, 0, 0, 0, 1]","[0, 0, 0, 0, 1]","[0, 0, 0, 0, 1]"
2024-07-06(토),,"24.93593220338984, 7.160254237288135, 12.213983050847451",황도샐러드,"22.574308943089424, 6.565284552845527, 12.231463414634142",무생채,"7.17, 1.14, 1.15",2,1,1,[-5.50660128 -1.61094473 -0.94179917],[ 7.38969084 -1.64889999 -1.0941375 ],[ 6.99501079 -0.42362565  0.36995148],"[0, 0, 0, 0, 1]","[0, 0, 0, 0, 1]","[0, 0, 0, 0, 1]"
2024-07-07(일),쇠고기장터국,"7.0, 3.7, 9.0",오징어무국,"3.8, 0.96, 10.35",감자짜글이,"32.0, 1.8, 5.0",4,3,3,[-6.48498107e+00  7.02457404e-02 -5.37756319e-03],[ 8.04097309  1.51366469 -0.18811313],[-4.34124204  0.16183753  0.09420934],"[0, 0, 0, 0, 1]","[0, 0, 0, 0, 1]","[0, 0, 0, 0, 1]"
2024-07-08(월),키조개미역국,"24.93593220338984, 7.160254237288135, 12.213983050847451",양지수육곰탕,"2.0, 1.1, 17.0",홍합탕,"11.91, 7.58, 22.81",3,1,7,[ 6.28953201  0.58655234 -0.88472002],[-4.61607336e+00  1.30045799e-02  3.47687416e-03],[ 7.31319486 -1.34848038  0.99287933],"[0, 0, 0, 0, 1]","[0, 0, 0, 0, 1]","[0, 0, 0, 0, 1]"
2024-07-09(화),삼색수제비국,"24.93593220338984, 7.160254237288135, 12.213983050847451",참치김치찌개,"6.11, 4.71, 9.71",사골설렁탕,"15.023739837398379, 5.4363414634146325, 11.50991869918699",6,1,5,[ 6.02121767  1.22409834 -1.1667815 ],[-4.61607336e+00  1.30045799e-02  3.47687416e-03],[ 8.23946164 -1.15715476  1.61470222],"[0, 0, 0, 0, 1]","[0, 0, 0, 0, 1]","[0, 0, 0, 0, 1]"
2024-07-10(수),햄치즈샌드위치,"42.0, 11.0, 17.0",호박고추장찌개,"13.53, 2.9, 6.9",콩나물국,"5.87, 1.54, 2.17",3,2,6,[-6.48498107e+00  7.02457404e-02 -5.37756319e-03],[-4.61607336e+00  1.30045799e-02  3.47687416e-03],[ 7.96773132  0.7547501  -1.08672461],"[0, 0, 0, 0, 1]","[0, 0, 0, 0, 1]","[0, 0, 0, 0, 1]"
2024-07-11(목),황태해장국,"12.07, 4.14, 18.33",물냉면,"64.58, 5.74, 16.5",도토리묵냉국,"34.0, 0.5, 1.0",8,2,3,[6.20575541 3.69320552 0.73551667],[ 7.3041182  -1.29119042 -1.67577029],[ 8.45220351  0.69664449 -0.30328782],"[1, 0, 0, 0, 0]","[0, 0, 0, 0, 1]","[0, 0, 0, 0, 1]"
2024-07-12(금),버섯매운탕,"78.0, 8.0, 38.0",쇠고기미역국,"16.08, 6.78, 15.06",순댓국,"33.78, 10.35, 23.25",1,5,4,[-6.48498107e+00  7.02457404e-02 -5.37756319e-03],[-4.61607336e+00  1.30045799e-02  3.47687416e-03],[-4.34124204  0.16183753  0.09420934],"[0, 0, 0, 0, 1]","[0, 0, 0, 0, 1]","[0, 0, 0, 0, 1]"
2024-07-14(일),김치수제비국,"112.0, 2.4, 14.0",순두부찌개,"5.62, 17.99, 18.25",닭볶음탕,"9.4, 9.5, 25.72",3,9,4,[ 5.52345674 -0.23900298 -2.40815386],[-4.61607336e+00  1.30045799e-02  3.47687416e-03],[-4.34124204  0.16183753  0.09420934],"[0, 0, 0, 0, 1]","[0, 0, 0, 0, 1]","[1, 0, 0, 0, 0]"
2024-07-15(월),오므라이스,"46.8, 14.75, 14.77",반계탕,"17.08, 8.63, 30.3",유부된장국,"8.17, 2.48, 5.99",5,1,10,[ 5.48806209 -3.40667202  0.59206925],[-4.61607336e+00  1.30045799e-02  3.47687416e-03],[-4.34124204  0.16183753  0.09420934],"[0, 0, 0, 0, 1]","[0, 0, 0, 0, 1]","[0, 0, 0, 0, 1]"
2024-07-16(화),황태채미역국,"4.0, 0.5, 1.0",우렁된장찌개,"12.0, 1.8, 7.0",돼지고기고추장찌개,"17.55, 4.2, 13.0",3,5,4,[6.30223006 1.94346865 0.10535786],[-4.61607336e+00  1.30045799e-02  3.47687416e-03],[-4.34124204  0.16183753  0.09420934],"[0, 0, 0, 0, 1]","[0, 0, 0, 0, 1]","[0, 0, 0, 0, 1]"
2024-07-17(수),또띠아치킨랩,"24.93593220338984, 7.160254237288135, 12.213983050847451",순두부찌개,"5.62, 17.99, 18.25",짬뽕찌개,"15.023739837398379, 5.4363414634146325, 11.50991869918699",6,9,4,[-6.48498107e+00  7.02457404e-02 -5.37756319e-03],[-4.61607336e+00  1.30045799e-02  3.47687416e-03],[-4.34124204  0.16183753  0.09420934],"[0, 0, 0, 0, 1]","[0, 0, 0, 0, 1]","[0, 0, 0, 0, 1]"
2024-07-18(목),물만둣국,"29.95, 21.79, 24.12",아라비아따스파게티,"22.574308943089424, 6.565284552845527, 12.231463414634142",우동국물,"12.38, 2.74, 1.62",4,2,8,[-6.48498107e+00  7.02457404e-02 -5.37756319e-03],[-4.61607336e+00  1.30045799e-02  3.47687416e-03],[ 7.90601894  1.55593591 -2.25718006],"[0, 0, 0, 0, 1]","[0, 0, 0, 0, 1]","[0, 0, 0, 0, 1]"
2024-07-20(토),스마일감자튀김,"25.42, 9.14, 2.19",쇠고기미역국,"16.08, 6.78, 15.06",미역오이냉국,"3.15, 0.08, 0.97",1,5,2,[-6.48498107e+00  7.02457404e-02 -5.37756319e-03],[-4.61607336e+00  1.30045799e-02  3.47687416e-03],[8.93891989 0.58672336 0.79973992],"[0, 0, 0, 0, 1]","[0, 0, 0, 0, 1]","[0, 0, 0, 0, 1]"
2024-07-21(일),황태해장국,"12.07, 4.14, 18.33",유부주머니탕,"96.0, 12.0, 14.0",버섯매운탕,"78.0, 8.0, 38.0",8,1,1,[6.20575541 3.69320552 0.73551667],[ 8.01975996 -0.95259585 -0.39940957],[-4.34124204  0.16183753  0.09420934],"[1, 0, 0, 0, 0]","[0, 0, 0, 0, 1]","[0, 0, 0, 0, 1]"
2024-07-22(월),배추된장국,"8.64, 2.01, 3.8",돼지국밥,"22.574308943089424, 6.565284552845527, 12.231463414634142",얼큰쇠고기무국,"9.6, 3.4, 10.0",1,3,4,[-6.48498107e+00  7.02457404e-02 -5.37756319e-03],[-4.61607336e+00  1.30045799e-02  3.47687416e-03],[-4.34124204  0.16183753  0.09420934],"[0, 0, 0, 0, 1]","[0, 0, 0, 0, 1]","[0, 0, 0, 0, 1]"
2024-07-23(화),한우고기곰탕,"10.0, 9.0, 13.0",냉모밀,"51.38, 4.72, 7.98",명란순두부탕,"2.0, 2.4, 3.0",1,4,1,[ 5.99034619  0.29775771 -0.26933231],[ 6.33120402 -2.07659537 -1.7642765 ],[ 8.17666585 -0.30994874 -0.54801313],"[0, 0, 0, 0, 1]","[0, 0, 0, 0, 1]","[0, 0, 0, 0, 1]"
2024-07-24(수),피자,"26.08, 10.47, 10.7",나가사끼짬뽕찌개,"74.0, 9.0, 9.0",닭개장,"7.33, 14.54, 31.38",1,2,2,[ 2.82239825 -1.15047703 -0.13792661],[-4.61607336e+00  1.30045799e-02  3.47687416e-03],[-4.34124204  0.16183753  0.09420934],"[0, 0, 0, 0, 1]","[0, 0, 0, 0, 1]","[0, 0, 0, 0, 1]"
2024-07-26(금),황태채미역국,"4.0, 0.5, 1.0",쇠고기육개장,"6.0, 6.0, 8.0",샤브샤브국,"31.72, 16.39, 29.63",3,4,4,[6.30223006 1.94346865 0.10535786],[-4.61607336e+00  1.30045799e-02  3.47687416e-03],[-4.34124204  0.16183753  0.09420934],"[0, 0, 0, 0, 1]","[0, 0, 0, 0, 1]","[0, 0, 0, 0, 1]"
2024-07-28(일),사골우거지국,"6.0, 7.0, 14.0",감자양파국,"24.0, 1.3, 4.0",김치찌개,"6.38, 8.09, 8.17",8,2,6,[ 6.18685494  0.22395503 -1.28417106],[-4.61607336e+00  1.30045799e-02  3.47687416e-03],[-4.34124204  0.16183753  0.09420934],"[1, 0, 0, 0, 0]","[0, 0, 0, 0, 1]","[0, 0, 0, 0, 1]"
2024-07-30(화),유부된장국,"8.17, 2.48, 5.99",쇠고기미역국,"16.08, 6.78, 15.06",쇠고기무국,"12.07, 8.62, 16.43",1,5,4,[-6.48498107e+00  7.02457404e-02 -5.37756319e-03],[-4.61607336e+00  1.30045799e-02  3.47687416e-03],[-4.34124204  0.16183753  0.09420934],"[0, 0, 0, 0, 1]","[0, 0, 0, 0, 1]","[1, 0, 0, 0, 0]"
2024-07-31(수),카츠샌드위치,"45.0, 11.0, 7.0",청국장찌개,"11.05, 4.19, 10.03",콩나물국,"5.87, 1.54, 2.17",3,5,6,[-6.48498107e+00  7.02457404e-02 -5.37756319e-03],[-4.61607336e+00  1.30045799e-02  3.47687416e-03],[ 7.96773132  0.7547501  -1.08672461],"[0, 0, 0, 0, 1]","[0, 0, 0, 0, 1]","[0, 0, 0, 0, 1]"
2024-08-02(금),콩나물국,"5.87, 1.54, 2.17",버섯매운탕,"78.0, 8.0, 38.0",쇠고기미역국,"16.08, 6.78, 15.06",2,4,6,[5.65126701 1.44233806 0.63276873],[-4.61607336e+00  1.30045799e-02  3.47687416e-03],[-4.34124204  0.16183753  0.09420934],"[0, 0, 0, 0, 1]","[0, 0, 0, 0, 1]","[0, 0, 0, 0, 1]"
2024-08-03(토),불고기베이컨치즈버거,"24.93593220338984, 7.160254237288135, 12.213983050847451",파송송계란국,"22.574308943089424, 6.565284552845527, 12.231463414634142",유부된장국,"8.17, 2.48, 5.99",2,3,10,[ 6.45425019 -2.49912275 -2.2766265 ],[-4.61607336e+00  1.30045799e-02  3.47687416e-03],[-4.34124204  0.16183753  0.09420934],"[0, 0, 0, 0, 1]","[0, 0, 0, 0, 1]","[0, 0, 0, 0, 1]"
2024-08-04(일),전복죽,"25.0, 6.0, 3.0",배추된장국,"8.64, 2.01, 3.8",쇠고기감자국,"7.0, 2.4, 13.0",3,7,4,[4.86378269 2.09585079 0.48752499],[-4.61607336e+00  1.30045799e-02  3.47687416e-03],[-4.34124204  0.16183753  0.09420934],"[0, 0, 0, 0, 1]","[0, 0, 0, 0, 1]","[0, 0, 0, 0, 1]"
2024-08-05(월),돼지국밥,"24.93593220338984, 7.160254237288135, 12.213983050847451",황태채미역국,"4.0, 0.5, 1.0",감자짜글이,"32.0, 1.8, 5.0",3,1,3,[-6.48498107e+00  7.02457404e-02 -5.37756319e-03],[8.20380417 0.87128617 0.04942176],[-4.34124204  0.16183753  0.09420934],"[0, 0, 0, 0, 1]","[0, 0, 0, 0, 1]","[0, 0, 0, 0, 1]"
2024-08-06(화),삼색수제비국,"24.93593220338984, 7.160254237288135, 12.213983050847451",냉모밀,"51.38, 4.72, 7.98",김치찌개,"6.38, 8.09, 8.17",6,4,6,[ 6.02121767  1.22409834 -1.1667815 ],[ 6.33120402 -2.07659537 -1.7642765 ],[-4.34124204  0.16183753  0.09420934],"[0, 0, 0, 0, 1]","[0, 0, 0, 0, 1]","[0, 0, 0, 0, 1]"
2024-08-07(수),불고기핫도그,"29.0, 23.0, 14.0",감자탕,"10.01, 5.58, 14.74",우동국물,"12.38, 2.74, 1.62",2,5,8,[-6.48498107e+00  7.02457404e-02 -5.37756319e-03],[ 6.80847013 -1.02909726  3.04030172],[ 7.90601894  1.55593591 -2.25718006],"[0, 0, 0, 0, 1]","[0, 0, 0, 0, 1]","[0, 0, 0, 0, 1]"
2024-08-08(목),사골우거지국,"6.0, 7.0, 14.0",미역오이냉국,"3.15, 0.08, 0.97",호박고추장찌개,"13.53, 2.9, 6.9",8,1,5,[ 6.18685494  0.22395503 -1.28417106],[ 8.68874923  0.52266388 -0.32029796],[-4.34124204  0.16183753  0.09420934],"[1, 0, 0, 0, 0]","[0, 0, 0, 0, 1]","[0, 0, 0, 0, 1]"
2024-08-09(금),얼큰어묵국,"24.93593220338984, 7.160254237288135, 12.213983050847451",짬뽕찌개,"22.574308943089424, 6.565284552845527, 12.231463414634142",순댓국,"33.78, 10.35, 23.25",3,5,4,[5.97319735 0.46402434 0.04307873],[-4.61607336e+00  1.30045799e-02  3.47687416e-03],[-4.34124204  0.16183753  0.09420934],"[0, 0, 0, 0, 1]","[0, 0, 0, 0, 1]","[0, 0, 0, 0, 1]"
2024-08-10(토),뿌링클웨지감자,"24.93593220338984, 7.160254237288135, 12.213983050847451",김치국,"1.39, 1.63, 1.62",홍합탕,"11.91, 7.58, 22.81",1,5,7,[-6.48498107e+00  7.02457404e-02 -5.37756319e-03],[6.41552533 1.57386271 0.57619815],[ 7.31319486 -1.34848038  0.99287933],"[0, 0, 0, 0, 1]","[0, 0, 0, 0, 1]","[0, 0, 0, 0, 1]"
2024-08-11(일),밥,"24.93593220338984, 7.160254237288135, 12.213983050847451",써니텐오렌지향 250ml,"32.0, 0.0, 1.0",,"15.023739837398379, 5.4363414634146325, 11.50991869918699",1,1,3,[ 1.76636341 -0.16803625  1.23814106],[-1.40104806 -0.22151141 -1.33318076],[-3.42317567 -5.4271391  -3.49715841],"[0, 0, 0, 0, 1]","[0, 0, 0, 0, 1]","[0, 0, 0, 0, 1]"
2024-08-12(월),쇠고기장터국,"7.0, 3.7, 9.0",쇠고기무국,"12.07, 8.62, 16.43",돼지고기고추장찌개,"17.55, 4.2, 13.0",4,4,4,[-6.48498107e+00  7.02457404e-02 -5.37756319e-03],[-4.61607336e+00  1.30045799e-02  3.47687416e-03],[-4.34124204  0.16183753  0.09420934],"[0, 0, 0, 0, 1]","[1, 0, 0, 0, 0]","[0, 0, 0, 0, 1]"
2024-08-16(금),유부주머니탕,"96.0, 12.0, 14.0",순두부찌개,"5.62, 17.99, 18.25",오징어무국,"3.8, 0.96, 10.35",4,9,3,[ 6.17675389 -1.18221504 -0.01915788],[-4.61607336e+00  1.30045799e-02  3.47687416e-03],[ 8.33330008  0.80984152 -0.04986256],"[0, 0, 0, 0, 1]","[0, 0, 0, 0, 1]","[0, 0, 0, 0, 1]"
2024-08-17(토),모닝빵&크로와상,"17.42, 1.43, 3.28",우동국물,"12.38, 2.74, 1.62",한우고기곰탕,"10.0, 9.0, 13.0",4,7,1,[ 5.33182571 -0.41804934  2.5958071 ],[ 7.52609817  2.00668299 -1.25497736],[ 8.12707195 -0.84718245  0.54735854],"[0, 0, 0, 0, 1]","[0, 0, 0, 0, 1]","[0, 0, 0, 0, 1]"
2024-08-19(월),닭곰탕,"1.87, 4.75, 18.72",명태매운탕,"22.574308943089424, 6.565284552845527, 12.231463414634142",참치김치찌개,"6.11, 4.71, 9.71",2,2,4,[-6.48498107e+00  7.02457404e-02 -5.37756319e-03],[ 8.0986508  -1.54479875  0.02316925],[-4.34124204  0.16183753  0.09420934],"[0, 0, 0, 0, 1]","[0, 0, 0, 0, 1]","[0, 0, 0, 0, 1]"
2024-08-20(화),쇠고기미역국,"16.08, 6.78, 15.06",도토리묵냉국,"34.0, 0.5, 1.0",새우순두부계란탕,"15.023739837398379, 5.4363414634146325, 11.50991869918699",5,2,1,[-6.48498107e+00  7.02457404e-02 -5.37756319e-03],[ 8.14543281  0.60897046 -0.58937757],[-4.34124204  0.16183753  0.09420934],"[0, 0, 0, 0, 1]","[0, 0, 0, 0, 1]","[0, 0, 0, 0, 1]"
2024-08-21(수),또띠아치킨랩,"24.93593220338984, 7.160254237288135, 12.213983050847451",추어탕,"3.54, 8.01, 26.52",홍합탕,"11.91, 7.58, 22.81",6,1,7,[-6.48498107e+00  7.02457404e-02 -5.37756319e-03],[ 7.10627168 -0.27725646  1.54050591],[ 7.31319486 -1.34848038  0.99287933],"[0, 0, 0, 0, 1]","[0, 0, 0, 0, 1]","[0, 0, 0, 0, 1]"
2024-08-22(목),호박고추장찌개,"13.53, 2.9, 6.9",코다리냉면,"76.0, 6.0, 10.0",쇠고기장터국,"7.0, 3.7, 9.0",1,1,2,[-6.48498107e+00  7.02457404e-02 -5.37756319e-03],[ 7.78908777 -2.09807626 -0.61407202],[-4.34124204  0.16183753  0.09420934],"[0, 0, 0, 0, 1]","[0, 0, 0, 0, 1]","[0, 0, 0, 0, 1]"
2024-08-23(금),오므라이스,"46.8, 14.75, 14.77",배추된장국,"8.64, 2.01, 3.8",짬뽕찌개,"15.023739837398379, 5.4363414634146325, 11.50991869918699",5,7,4,[ 5.48806209 -3.40667202  0.59206925],[-4.61607336e+00  1.30045799e-02  3.47687416e-03],[-4.34124204  0.16183753  0.09420934],"[0, 0, 0, 0, 1]","[0, 0, 0, 0, 1]","[0, 0, 0, 0, 1]"
2024-08-24(토),버팔로봉,"8.0, 9.0, 15.0",쑥갓어묵국,"22.574308943089424, 6.565284552845527, 12.231463414634142",유부된장국,"8.17, 2.48, 5.99",4,5,10,[ 5.46875737 -1.6251807   2.25184959],[-4.61607336e+00  1.30045799e-02  3.47687416e-03],[-4.34124204  0.16183753  0.09420934],"[0, 0, 0, 0, 1]","[0, 0, 0, 0, 1]","[0, 0, 0, 0, 1]"
2024-08-25(일),스크램블에그,"1.96, 15.21, 13.01",돼지간장불고기,"5.1, 12.36, 12.13",크림청양함박스테이크,"15.023739837398379, 5.4363414634146325, 11.50991869918699",1,1,1,[ 5.3723765  -3.27044059  0.1239507 ],[-4.61607336e+00  1.30045799e-02  3.47687416e-03],[-4.34124204  0.16183753  0.09420934],"[0, 0, 0, 0, 1]","[0, 0, 0, 0, 1]","[0, 0, 0, 0, 1]"
2024-08-26(월),콩나물김치국,"1.79, 1.82, 1.92",닭개장,"7.33, 14.54, 31.38",샤브샤브국,"31.72, 16.39, 29.63",2,1,4,[ 5.97451443  0.02166864 -1.27779859],[-4.61607336e+00  1.30045799e-02  3.47687416e-03],[-4.34124204  0.16183753  0.09420934],"[0, 0, 0, 0, 1]","[0, 0, 0, 0, 1]","[0, 0, 0, 0, 1]"
2024-08-27(화),삼색수제비국,"24.93593220338984, 7.160254237288135, 12.213983050847451",잠봉햄스파게티,"22.574308943089424, 6.565284552845527, 12.231463414634142",키조개미역국,"15.023739837398379, 5.4363414634146325, 11.50991869918699",6,1,2,[ 6.02121767  1.22409834 -1.1667815 ],[ 8.15027675 -1.8618946   0.19500444],[8.3405635  0.15888284 0.43391555],"[0, 0, 0, 0, 1]","[0, 0, 0, 0, 1]","[0, 0, 0, 0, 1]"
2024-08-28(수),핫치킨버거,"43.8, 9.4, 17.2",우렁된장찌개,"12.0, 1.8, 7.0",쇠고기육개장,"6.0, 6.0, 8.0",4,5,3,[-6.48498107e+00  7.02457404e-02 -5.37756319e-03],[-4.61607336e+00  1.30045799e-02  3.47687416e-03],[-4.34124204  0.16183753  0.09420934],"[0, 0, 0, 0, 1]","[0, 0, 0, 0, 1]","[0, 0, 0, 0, 1]"
2024-08-29(목),쇠고기감자국,"7.0, 2.4, 13.0",게맛살계란국,"22.574308943089424, 6.565284552845527, 12.231463414634142",쑥갓어묵국,"15.023739837398379, 5.4363414634146325, 11.50991869918699",2,1,4,[-6.48498107e+00  7.02457404e-02 -5.37756319e-03],[-4.61607336e+00  1.30045799e-02  3.47687416e-03],[-4.34124204  0.16183753  0.09420934],"[0, 0, 0, 0, 1]","[0, 0, 0, 0, 1]","[0, 0, 0, 0, 1]"
2024-08-30(금),사골설렁탕,"24.93593220338984, 7.160254237288135, 12.213983050847451",청국장찌개,"11.05, 4.19, 10.03",미역오이냉국,"3.15, 0.08, 0.97",2,5,2,[ 6.06385041 -0.05047146  1.54023469],[-4.61607336e+00  1.30045799e-02  3.47687416e-03],[8.93891989 0.58672336 0.79973992],"[0, 0, 0, 0, 1]","[0, 0, 0, 0, 1]","[0, 0, 0, 0, 1]"
2024-08-31(토),카츠샌드위치,"45.0, 11.0, 7.0",김치국,"1.39, 1.63, 1.62",얼큰쇠고기무국,"9.6, 3.4, 10.0",3,5,4,[-6.48498107e+00  7.02457404e-02 -5.37756319e-03],[6.41552533 1.57386271 0.57619815],[-4.34124204  0.16183753  0.09420934],"[0, 0, 0, 0, 1]","[0, 0, 0, 0, 1]","[0, 0, 0, 0, 1]"
2024-09-01(일),쇠고기미역국,"16.08, 6.78, 15.06",얼큰콩나물국,"5.87, 1.54, 2.17",유부된장국,"8.17, 2.48, 5.99",5,2,10,[-6.48498107e+00  7.02457404e-02 -5.37756319e-03],[ 8.26303424  0.01895826 -0.79336502],[-4.34124204  0.16183753  0.09420934],"[0, 0, 0, 0, 1]","[0, 0, 0, 0, 1]","[0, 0, 0, 0, 1]"
2024-09-03(화),얼큰쇠고기무국,"9.6, 3.4, 10.0",메밀비빔국수,"94.18, 4.67, 18.36",호박된장찌개,"16.77, 5.6, 15.01",3,2,1,[-6.48498107e+00  7.02457404e-02 -5.37756319e-03],[ 7.46979991 -0.05340978 -1.39280911],[-4.34124204  0.16183753  0.09420934],"[0, 0, 0, 0, 1]","[0, 0, 0, 0, 1]","[0, 0, 0, 0, 1]"
2024-09-04(수),에그샐러드&모닝빵,"11.0, 18.7, 7.9",감자탕,"10.01, 5.58, 14.74",순두부찌개,"5.62, 17.99, 18.25",1,5,2,[ 5.07165563 -2.68507604  0.96465686],[ 6.80847013 -1.02909726  3.04030172],[-4.34124204  0.16183753  0.09420934],"[0, 0, 0, 0, 1]","[0, 0, 0, 0, 1]","[0, 0, 0, 0, 1]"
2024-09-05(목),돼지고기고추장찌개,"17.55, 4.2, 13.0",짬뽕찌개,"22.574308943089424, 6.565284552845527, 12.231463414634142",배추된장국,"8.64, 2.01, 3.8",3,5,6,[-6.48498107e+00  7.02457404e-02 -5.37756319e-03],[-4.61607336e+00  1.30045799e-02  3.47687416e-03],[-4.34124204  0.16183753  0.09420934],"[0, 0, 0, 0, 1]","[0, 0, 0, 0, 1]","[0, 0, 0, 0, 1]"
2024-09-06(금),사골우거지국,"6.0, 7.0, 14.0",사골설렁탕,"22.574308943089424, 6.565284552845527, 12.231463414634142",오징어무국,"3.8, 0.96, 10.35",8,2,3,[ 6.18685494  0.22395503 -1.28417106],[ 7.91214937 -1.28760258  0.68654492],[ 8.33330008  0.80984152 -0.04986256],"[1, 0, 0, 0, 0]","[0, 0, 0, 0, 1]","[0, 0, 0, 0, 1]"
2024-09-07(토),,"24.93593220338984, 7.160254237288135, 12.213983050847451",크림슈,"24.0, 21.0, 6.0",연두부양념장,"15.023739837398379, 5.4363414634146325, 11.50991869918699",2,1,1,[-5.50660128 -1.61094473 -0.94179917],[ 6.10045198 -1.72473376 -0.96515187],[-4.34124204  0.16183753  0.09420934],"[0, 0, 0, 0, 1]","[0, 0, 0, 0, 1]","[0, 0, 0, 0, 1]"
2024-09-08(일),감자짜글이,"32.0, 1.8, 5.0",한우고기곰탕,"10.0, 9.0, 13.0",쑥갓어묵국,"15.023739837398379, 5.4363414634146325, 11.50991869918699",3,1,4,[-6.48498107e+00  7.02457404e-02 -5.37756319e-03],[ 7.85332482 -0.03389258  0.71260749],[-4.34124204  0.16183753  0.09420934],"[0, 0, 0, 0, 1]","[0, 0, 0, 0, 1]","[0, 0, 0, 0, 1]"
2024-09-09(월),삼색수제비국,"24.93593220338984, 7.160254237288135, 12.213983050847451",우렁된장찌개,"12.0, 1.8, 7.0",홍합탕,"11.91, 7.58, 22.81",6,5,7,[ 6.02121767  1.22409834 -1.1667815 ],[-4.61607336e+00  1.30045799e-02  3.47687416e-03],[ 7.31319486 -1.34848038  0.99287933],"[0, 0, 0, 0, 1]","[0, 0, 0, 0, 1]","[0, 0, 0, 0, 1]"
2024-09-10(화),유부주머니탕,"96.0, 12.0, 14.0",다시마무국,"21.0, 0.0, 2.0",황태채미역국,"4.0, 0.5, 1.0",4,3,1,[ 6.17675389 -1.18221504 -0.01915788],[7.38007193 0.61644569 0.75286257],[8.48797142 0.55414194 0.19044332],"[0, 0, 0, 0, 1]","[0, 0, 0, 0, 1]","[0, 0, 0, 0, 1]"
2024-09-11(수),와플&초코잼,"19.05, 3.72, 2.85",쇠고기육개장,"6.0, 6.0, 8.0",참치김치찌개,"6.11, 4.71, 9.71",2,4,4,[ 5.88169074 -2.16488287  1.21592707],[-4.61607336e+00  1.30045799e-02  3.47687416e-03],[-4.34124204  0.16183753  0.09420934],"[0, 0, 0, 0, 1]","[0, 0, 0, 0, 1]","[0, 0, 0, 0, 1]"
2024-09-12(목),황태해장국,"12.07, 4.14, 18.33",망향식물비빔국수,"22.574308943089424, 6.565284552845527, 12.231463414634142",배추된장국,"8.64, 2.01, 3.8",8,2,6,[6.20575541 3.69320552 0.73551667],[-4.61607336e+00  1.30045799e-02  3.47687416e-03],[-4.34124204  0.16183753  0.09420934],"[1, 0, 0, 0, 0]","[0, 0, 0, 0, 1]","[0, 0, 0, 0, 1]"
2024-09-13(금),얼큰쇠고기무국,"9.6, 3.4, 10.0",묵은지김치찌개,"15.0, 25.0, 20.0",닭볶음탕,"9.4, 9.5, 25.72",3,1,4,[-6.48498107e+00  7.02457404e-02 -5.37756319e-03],[-4.61607336e+00  1.30045799e-02  3.47687416e-03],[-4.34124204  0.16183753  0.09420934],"[0, 0, 0, 0, 1]","[0, 0, 0, 0, 1]","[1, 0, 0, 0, 0]"
2024-09-15(일),사골곰탕,"0.0, 2.4, 3.0",순두부찌개,"5.62, 17.99, 18.25",얼큰어묵국,"15.023739837398379, 5.4363414634146325, 11.50991869918699",2,9,3,[5.43023252 0.18502972 1.22260702],[-4.61607336e+00  1.30045799e-02  3.47687416e-03],[ 8.16772652  0.78101587 -0.47591968],"[0, 0, 0, 0, 1]","[0, 0, 0, 0, 1]","[0, 0, 0, 0, 1]"
2024-09-16(월),키조개미역국,"24.93593220338984, 7.160254237288135, 12.213983050847451",배추된장국,"8.64, 2.01, 3.8",쇠고기육개장,"6.0, 6.0, 8.0",3,7,3,[ 6.28953201  0.58655234 -0.88472002],[-4.61607336e+00  1.30045799e-02  3.47687416e-03],[-4.34124204  0.16183753  0.09420934],"[0, 0, 0, 0, 1]","[0, 0, 0, 0, 1]","[0, 0, 0, 0, 1]"
2024-09-17(화),새우순두부계란탕,"24.93593220338984, 7.160254237288135, 12.213983050847451",쇠고기무국,"12.07, 8.62, 16.43",유부된장국,"8.17, 2.48, 5.99",4,4,10,[-6.48498107e+00  7.02457404e-02 -5.37756319e-03],[-4.61607336e+00  1.30045799e-02  3.47687416e-03],[-4.34124204  0.16183753  0.09420934],"[0, 0, 0, 0, 1]","[1, 0, 0, 0, 0]","[0, 0, 0, 0, 1]"
2024-09-18(수),또띠아치킨랩,"24.93593220338984, 7.160254237288135, 12.213983050847451",매운버섯국,"22.574308943089424, 6.565284552845527, 12.231463414634142",순댓국,"33.78, 10.35, 23.25",6,1,4,[-6.48498107e+00  7.02457404e-02 -5.37756319e-03],[-4.61607336e+00  1.30045799e-02  3.47687416e-03],[-4.34124204  0.16183753  0.09420934],"[0, 0, 0, 0, 1]","[0, 0, 0, 0, 1]","[0, 0, 0, 0, 1]"
2024-09-19(목),쇠고기장터국,"7.0, 3.7, 9.0",자장면,"129.41, 19.98, 26.81",콩나물국,"5.87, 1.54, 2.17",4,1,6,[-6.48498107e+00  7.02457404e-02 -5.37756319e-03],[ 7.09294636 -1.16063305  1.15580015],[ 7.96773132  0.7547501  -1.08672461],"[0, 0, 0, 0, 1]","[0, 0, 0, 0, 1]","[0, 0, 0, 0, 1]"
2024-09-20(금),깍두기,"3.21, 0.29, 0.62",제주감귤주스,"26.0, 0.0, 1.0",,"15.023739837398379, 5.4363414634146325, 11.50991869918699",1,1,3,[-6.48498107e+00  7.02457404e-02 -5.37756319e-03],[ 7.33935332 -0.06344534 -0.52294137],[-3.42317567 -5.4271391  -3.49715841],"[0, 0, 0, 0, 1]","[0, 0, 0, 0, 1]","[0, 0, 0, 0, 1]"
2024-09-21(토),고추크림치즈버거,"92.0, 13.0, 28.0",김치국,"1.39, 1.63, 1.62",우동국물,"12.38, 2.74, 1.62",1,5,8,[ 6.05414427 -3.35763102 -1.74163435],[6.41552533 1.57386271 0.57619815],[ 7.90601894  1.55593591 -2.25718006],"[0, 0, 0, 0, 1]","[0, 0, 0, 0, 1]","[0, 0, 0, 0, 1]"
2024-09-22(일),물만둣국,"29.95, 21.79, 24.12",팽이버섯두부국,"22.574308943089424, 6.565284552845527, 12.231463414634142",사골설렁탕,"15.023739837398379, 5.4363414634146325, 11.50991869918699",4,3,5,[-6.48498107e+00  7.02457404e-02 -5.37756319e-03],[-4.61607336e+00  1.30045799e-02  3.47687416e-03],[ 8.23946164 -1.15715476  1.61470222],"[0, 0, 0, 0, 1]","[0, 0, 0, 0, 1]","[0, 0, 0, 0, 1]"
2024-09-23(월),매운버섯국,"24.93593220338984, 7.160254237288135, 12.213983050847451",전투식량,"22.574308943089424, 6.565284552845527, 12.231463414634142",쇠고기미역국,"16.08, 6.78, 15.06",1,1,6,[-6.48498107e+00  7.02457404e-02 -5.37756319e-03],[-4.61607336e+00  1.30045799e-02  3.47687416e-03],[-4.34124204  0.16183753  0.09420934],"[0, 0, 0, 0, 1]","[0, 0, 0, 0, 1]","[0, 0, 0, 0, 1]"
2024-09-26(목),쇠고기당면국,"7.0, 2.4, 13.0",배추된장국,"8.64, 2.01, 3.8",호박고추장찌개,"13.53, 2.9, 6.9",5,7,5,[-6.48498107e+00  7.02457404e-02 -5.37756319e-03],[-4.61607336e+00  1.30045799e-02  3.47687416e-03],[-4.34124204  0.16183753  0.09420934],"[0, 0, 0, 0, 1]","[0, 0, 0, 0, 1]","[0, 0, 0, 0, 1]"
2024-09-27(금),오므라이스,"46.8, 14.75, 14.77",청국장찌개,"11.05, 4.19, 10.03",얼큰콩나물국,"5.87, 1.54, 2.17",5,5,2,[ 5.48806209 -3.40667202  0.59206925],[-4.61607336e+00  1.30045799e-02  3.47687416e-03],[ 8.587064    0.04895308 -0.41608314],"[0, 0, 0, 0, 1]","[0, 0, 0, 0, 1]","[0, 0, 0, 0, 1]"
2024-09-28(토),모닝빵&크로와상,"17.42, 1.43, 3.28",다시마무국,"21.0, 0.0, 2.0",나가사끼짬뽕찌개,"74.0, 9.0, 9.0",4,3,2,[ 5.33182571 -0.41804934  2.5958071 ],[7.38007193 0.61644569 0.75286257],[-4.34124204  0.16183753  0.09420934],"[0, 0, 0, 0, 1]","[0, 0, 0, 0, 1]","[0, 0, 0, 0, 1]"
2024-09-29(일),꼬꼬떡국,"24.93593220338984, 7.160254237288135, 12.213983050847451",호박고추장찌개,"13.53, 2.9, 6.9",돼지국밥,"15.023739837398379, 5.4363414634146325, 11.50991869918699",2,2,5,[-6.48498107e+00  7.02457404e-02 -5.37756319e-03],[-4.61607336e+00  1.30045799e-02  3.47687416e-03],[-4.34124204  0.16183753  0.09420934],"[0, 0, 0, 0, 1]","[0, 0, 0, 0, 1]","[0, 0, 0, 0, 1]"
2024-09-30(월),사골우거지국,"6.0, 7.0, 14.0",오징어무국,"3.8, 0.96, 10.35",김치찌개,"6.38, 8.09, 8.17",8,3,6,[ 6.18685494  0.22395503 -1.28417106],[ 8.04097309  1.51366469 -0.18811313],[-4.34124204  0.16183753  0.09420934],"[1, 0, 0, 0, 0]","[0, 0, 0, 0, 1]","[0, 0, 0, 0, 1]"
2024-10-02(수),한우불고기버거,"69.53, 30.08, 24.0",쑥갓어묵국,"22.574308943089424, 6.565284552845527, 12.231463414634142",배추된장국,"8.64, 2.01, 3.8",1,5,6,[ 6.08167712 -0.56050871 -1.40577736],[-4.61607336e+00  1.30045799e-02  3.47687416e-03],[-4.34124204  0.16183753  0.09420934],"[0, 0, 0, 0, 1]","[0, 0, 0, 0, 1]","[0, 0, 0, 0, 1]"
2024-10-03(목),황태채미역국,"4.0, 0.5, 1.0",쇠고기육개장,"6.0, 6.0, 8.0",삼색수제비국,"15.023739837398379, 5.4363414634146325, 11.50991869918699",3,4,1,[6.30223006 1.94346865 0.10535786],[-4.61607336e+00  1.30045799e-02  3.47687416e-03],[ 8.0665739  -0.03286964  0.58090256],"[0, 0, 0, 0, 1]","[0, 0, 0, 0, 1]","[0, 0, 0, 0, 1]"
2024-10-04(금),쇠고기장터국,"7.0, 3.7, 9.0",우렁된장찌개,"12.0, 1.8, 7.0",우동국물,"12.38, 2.74, 1.62",4,5,8,[-6.48498107e+00  7.02457404e-02 -5.37756319e-03],[-4.61607336e+00  1.30045799e-02  3.47687416e-03],[ 7.90601894  1.55593591 -2.25718006],"[0, 0, 0, 0, 1]","[0, 0, 0, 0, 1]","[0, 0, 0, 0, 1]"
2024-10-05(토),핫치킨버거,"43.8, 9.4, 17.2",김치국,"1.39, 1.63, 1.62",시래기감자탕,"15.0, 9.0, 30.0",4,5,1,[-6.48498107e+00  7.02457404e-02 -5.37756319e-03],[6.41552533 1.57386271 0.57619815],[ 8.08754675 -1.32642066  1.84403387],"[0, 0, 0, 0, 1]","[0, 0, 0, 0, 1]","[0, 0, 0, 0, 1]"
2024-10-06(일),전복죽,"25.0, 6.0, 3.0",물만둣국,"29.95, 21.79, 24.12",빈달루커리,"21.0, 3.6, 6.0",3,1,1,[4.86378269 2.09585079 0.48752499],[-4.61607336e+00  1.30045799e-02  3.47687416e-03],[ 7.39913584 -1.33358732  0.89391389],"[0, 0, 0, 0, 1]","[0, 0, 0, 0, 1]","[0, 0, 0, 0, 1]"
2024-10-07(월),사골우거지국,"6.0, 7.0, 14.0",짬뽕찌개,"22.574308943089424, 6.565284552845527, 12.231463414634142",오므라이스,"46.8, 14.75, 14.77",8,5,1,[ 6.18685494  0.22395503 -1.28417106],[-4.61607336e+00  1.30045799e-02  3.47687416e-03],[ 7.35937085 -1.478109    1.41164861],"[1, 0, 0, 0, 0]","[0, 0, 0, 0, 1]","[0, 0, 0, 0, 1]"
2024-10-08(화),키조개미역국,"24.93593220338984, 7.160254237288135, 12.213983050847451",순두부찌개,"5.62, 17.99, 18.25",사골설렁탕,"15.023739837398379, 5.4363414634146325, 11.50991869918699",3,9,5,[ 6.28953201  0.58655234 -0.88472002],[-4.61607336e+00  1.30045799e-02  3.47687416e-03],[ 8.23946164 -1.15715476  1.61470222],"[0, 0, 0, 0, 1]","[0, 0, 0, 0, 1]","[0, 0, 0, 0, 1]"
2024-10-09(수),햄치즈샌드위치,"42.0, 11.0, 17.0",콩나물국,"5.87, 1.54, 2.17",참치김치찌개,"6.11, 4.71, 9.71",3,2,4,[-6.48498107e+00  7.02457404e-02 -5.37756319e-03],[ 7.61779539  0.98629642 -0.34590706],[-4.34124204  0.16183753  0.09420934],"[0, 0, 0, 0, 1]","[0, 0, 0, 0, 1]","[0, 0, 0, 0, 1]"
2024-10-10(목),다시마무국,"21.0, 0.0, 2.0",해물칼국수,"46.37, 6.24, 14.19",얼큰쇠고기무국,"9.6, 3.4, 10.0",1,1,4,[ 5.42957113  0.89084416 -0.50672856],[ 8.01917536  1.1173333  -0.23104546],[-4.34124204  0.16183753  0.09420934],"[0, 0, 0, 0, 1]","[0, 0, 0, 0, 1]","[0, 0, 0, 0, 1]"
2024-10-11(금),황태해장국,"12.07, 4.14, 18.33",돼지국밥,"22.574308943089424, 6.565284552845527, 12.231463414634142",얼큰어묵국,"15.023739837398379, 5.4363414634146325, 11.50991869918699",8,3,3,[6.20575541 3.69320552 0.73551667],[-4.61607336e+00  1.30045799e-02  3.47687416e-03],[ 8.16772652  0.78101587 -0.47591968],"[1, 0, 0, 0, 0]","[0, 0, 0, 0, 1]","[0, 0, 0, 0, 1]"
2024-10-12(토),버팔로봉,"8.0, 9.0, 15.0",우동국물,"12.38, 2.74, 1.62",유부된장국,"8.17, 2.48, 5.99",4,7,10,[ 5.46875737 -1.6251807   2.25184959],[ 7.52609817  2.00668299 -1.25497736],[-4.34124204  0.16183753  0.09420934],"[0, 0, 0, 0, 1]","[0, 0, 0, 0, 1]","[0, 0, 0, 0, 1]"
2024-10-13(일),사골곰탕,"0.0, 2.4, 3.0",팽이버섯두부국,"22.574308943089424, 6.565284552845527, 12.231463414634142",파송송계란국,"15.023739837398379, 5.4363414634146325, 11.50991869918699",2,3,4,[5.43023252 0.18502972 1.22260702],[-4.61607336e+00  1.30045799e-02  3.47687416e-03],[-4.34124204  0.16183753  0.09420934],"[0, 0, 0, 0, 1]","[0, 0, 0, 0, 1]","[0, 0, 0, 0, 1]"
2024-10-14(월),김치찌개,"6.38, 8.09, 8.17",쇠고기육개장,"6.0, 6.0, 8.0",유부주머니탕,"96.0, 12.0, 14.0",1,4,2,[-6.48498107e+00  7.02457404e-02 -5.37756319e-03],[-4.61607336e+00  1.30045799e-02  3.47687416e-03],[ 8.23179767 -0.56352563  0.42255767],"[0, 0, 0, 0, 1]","[0, 0, 0, 0, 1]","[0, 0, 0, 0, 1]"
2024-10-15(화),김치수제비국,"112.0, 2.4, 14.0",쇠고기미역국,"16.08, 6.78, 15.06",유부된장국,"8.17, 2.48, 5.99",3,5,10,[ 5.52345674 -0.23900298 -2.40815386],[-4.61607336e+00  1.30045799e-02  3.47687416e-03],[-4.34124204  0.16183753  0.09420934],"[0, 0, 0, 0, 1]","[0, 0, 0, 0, 1]","[0, 0, 0, 0, 1]"
2024-10-16(수),또띠아치킨랩,"24.93593220338984, 7.160254237288135, 12.213983050847451",대구매운탕,"22.574308943089424, 6.565284552845527, 12.231463414634142",닭볶음탕,"9.4, 9.5, 25.72",6,1,4,[-6.48498107e+00  7.02457404e-02 -5.37756319e-03],[ 8.08106998 -0.60419511  0.12381758],[-4.34124204  0.16183753  0.09420934],"[0, 0, 0, 0, 1]","[0, 0, 0, 0, 1]","[1, 0, 0, 0, 0]"
2024-10-17(목),배추김치,"24.93593220338984, 7.160254237288135, 12.213983050847451",단무지,"0.98, 0.06, 0.21",오이피클,"9.0, 0.0, 0.0",1,1,1,[ 4.77988634 -0.75882304 -1.69425026],[ 6.02977685 -0.41336651  0.64149771],[ 7.25276562 -1.40857236  1.37949546],"[0, 0, 0, 0, 1]","[0, 0, 0, 0, 1]","[0, 0, 0, 0, 1]"
2024-10-18(금),얼큰콩나물국,"5.87, 1.54, 2.17",감자짜글이,"32.0, 1.8, 5.0",쇠고기감자국,"7.0, 2.4, 13.0",1,1,4,[ 6.37942614 -0.05007522  0.51336041],[-4.61607336e+00  1.30045799e-02  3.47687416e-03],[-4.34124204  0.16183753  0.09420934],"[0, 0, 0, 0, 1]","[0, 0, 0, 0, 1]","[0, 0, 0, 0, 1]"
2024-10-19(토),와플&초코잼,"19.05, 3.72, 2.85",우동국물,"12.38, 2.74, 1.62",병천순대국밥,"15.023739837398379, 5.4363414634146325, 11.50991869918699",2,7,1,[ 5.88169074 -2.16488287  1.21592707],[ 7.52609817  2.00668299 -1.25497736],[ 8.48253876  0.48115842 -0.93508717],"[0, 0, 0, 0, 1]","[0, 0, 0, 0, 1]","[0, 0, 0, 0, 1]"
2024-10-20(일),가리비미역국,"24.93593220338984, 7.160254237288135, 12.213983050847451",다시마무국,"21.0, 0.0, 2.0",유부된장국,"8.17, 2.48, 5.99",1,3,10,[ 5.9066903   0.31387253 -0.72852045],[7.38007193 0.61644569 0.75286257],[-4.34124204  0.16183753  0.09420934],"[0, 0, 0, 0, 1]","[0, 0, 0, 0, 1]","[0, 0, 0, 0, 1]"
2024-10-21(월),양지수육곰탕,"2.0, 1.1, 17.0",감자탕,"10.01, 5.58, 14.74",홍합탕,"11.91, 7.58, 22.81",3,5,7,[-6.48498107e+00  7.02457404e-02 -5.37756319e-03],[ 6.80847013 -1.02909726  3.04030172],[ 7.31319486 -1.34848038  0.99287933],"[0, 0, 0, 0, 1]","[0, 0, 0, 0, 1]","[0, 0, 0, 0, 1]"
2024-10-22(화),돼지고기고추장찌개,"17.55, 4.2, 13.0",배추된장국,"8.64, 2.01, 3.8",돼지국밥,"15.023739837398379, 5.4363414634146325, 11.50991869918699",3,7,5,[-6.48498107e+00  7.02457404e-02 -5.37756319e-03],[-4.61607336e+00  1.30045799e-02  3.47687416e-03],[-4.34124204  0.16183753  0.09420934],"[0, 0, 0, 0, 1]","[0, 0, 0, 0, 1]","[0, 0, 0, 0, 1]"
2024-10-23(수),모닝빵&크로와상,"17.42, 1.43, 3.28",호박된장찌개,"16.77, 5.6, 15.01",얼큰콩나물국,"5.87, 1.54, 2.17",4,1,2,[ 5.33182571 -0.41804934  2.5958071 ],[-4.61607336e+00  1.30045799e-02  3.47687416e-03],[ 8.587064    0.04895308 -0.41608314],"[0, 0, 0, 0, 1]","[0, 0, 0, 0, 1]","[0, 0, 0, 0, 1]"
2024-10-24(목),새우순두부계란탕,"24.93593220338984, 7.160254237288135, 12.213983050847451",해물볶음우동,"77.0, 8.0, 19.0",쇠고기미역국,"16.08, 6.78, 15.06",4,1,6,[-6.48498107e+00  7.02457404e-02 -5.37756319e-03],[-4.61607336e+00  1.30045799e-02  3.47687416e-03],[-4.34124204  0.16183753  0.09420934],"[0, 0, 0, 0, 1]","[0, 0, 0, 0, 1]","[0, 0, 0, 0, 1]"
2024-10-25(금),콩나물김치국,"1.79, 1.82, 1.92",얼큰어묵국,"22.574308943089424, 6.565284552845527, 12.231463414634142",호박고추장찌개,"13.53, 2.9, 6.9",2,2,5,[ 5.97451443  0.02166864 -1.27779859],[ 7.84267714  1.30957276 -0.85688844],[-4.34124204  0.16183753  0.09420934],"[0, 0, 0, 0, 1]","[0, 0, 0, 0, 1]","[0, 0, 0, 0, 1]"
2024-10-26(토),케이준감자튀김,"24.93593220338984, 7.160254237288135, 12.213983050847451",파송송계란국,"22.574308943089424, 6.565284552845527, 12.231463414634142",쇠고기무국,"12.07, 8.62, 16.43",1,3,4,[-6.48498107e+00  7.02457404e-02 -5.37756319e-03],[-4.61607336e+00  1.30045799e-02  3.47687416e-03],[-4.34124204  0.16183753  0.09420934],"[0, 1, 0, 0, 0]","[0, 0, 0, 0, 1]","[1, 0, 0, 0, 0]"
2024-10-27(일),사골우거지국,"6.0, 7.0, 14.0",샤브샤브국,"31.72, 16.39, 29.63",다시마무국,"21.0, 0.0, 2.0",8,3,1,[ 6.18685494  0.22395503 -1.28417106],[-4.61607336e+00  1.30045799e-02  3.47687416e-03],[7.57808789 0.31331185 0.26885119],"[1, 0, 0, 0, 0]","[0, 0, 0, 0, 1]","[0, 0, 0, 0, 1]"
2024-10-29(화),쇠고기미역국,"16.08, 6.78, 15.06",돈코츠라멘차슈,"83.47, 10.74, 14.48",유부된장국,"8.17, 2.48, 5.99",5,1,10,[-6.48498107e+00  7.02457404e-02 -5.37756319e-03],[ 7.31930422 -2.90460744 -0.18188053],[-4.34124204  0.16183753  0.09420934],"[0, 0, 0, 0, 1]","[0, 0, 0, 0, 1]","[0, 0, 0, 0, 1]"
2024-10-30(수),언양식불고기버거,"54.0, 7.0, 9.0",양해장국,"61.0, 15.0, 20.0",파송송계란국,"15.023739837398379, 5.4363414634146325, 11.50991869918699",1,1,4,[-6.48498107e+00  7.02457404e-02 -5.37756319e-03],[-4.61607336e+00  1.30045799e-02  3.47687416e-03],[-4.34124204  0.16183753  0.09420934],"[0, 0, 0, 0, 1]","[0, 0, 0, 0, 1]","[0, 0, 0, 0, 1]"
2024-10-31(목),황태해장국,"12.07, 4.14, 18.33",사골설렁탕,"22.574308943089424, 6.565284552845527, 12.231463414634142",배추된장국,"8.64, 2.01, 3.8",8,2,6,[6.20575541 3.69320552 0.73551667],[ 7.91214937 -1.28760258  0.68654492],[-4.34124204  0.16183753  0.09420934],"[1, 0, 0, 0, 0]","[0, 0, 0, 0, 1]","[0, 0, 0, 0, 1]"
